feature,mean_abs_shap_value
Protein_OHE_356,0.11198792
Protein_OHE_786,0.089745514
Protein_OHE_290,0.0784772
MACCS_132,0.055698436
TTF_382,0.05473738
Protein_OHE_930,0.05213139
MACCS_20,0.05139869
Protein_OHE_673,0.049478773
MACCS_143,0.047836352
Protein_OHE_576,0.0468064
TTF_1534,0.04522293
Protein_OHE_892,0.043588106
Protein_OHE_601,0.039794005
Protein_OHE_710,0.039098028
TTF_617,0.037374448
MACCS_50,0.037144948
Protein_OHE_613,0.036251716
MACCS_146,0.033406705
TTF_509,0.033383884
MACCS_97,0.032170337
Protein_OHE_165,0.031352084
MACCS_82,0.03094923
Protein_OHE_958,0.030817062
MACCS_149,0.029840894
Protein_OHE_101,0.029755987
MACCS_55,0.026922759
Protein_OHE_777,0.026181856
Protein_OHE_838,0.023806777
Protein_OHE_818,0.02326172
MACCS_150,0.023258159
Protein_OHE_888,0.021552878
Protein_OHE_652,0.021188827
TTF_453,0.021076757
Protein_OHE_221,0.020821223
Protein_OHE_990,0.020517845
Protein_OHE_724,0.020501629
Protein_OHE_335,0.020263406
Protein_OHE_725,0.020234529
MACCS_79,0.0201258
MACCS_166,0.0200216
Protein_OHE_550,0.01976801
TTF_874,0.019501757
Protein_OHE_305,0.019218076
Protein_OHE_690,0.019067694
Protein_OHE_898,0.018959094
Protein_OHE_326,0.018942865
Protein_OHE_730,0.018756231
MACCS_153,0.01835733
MACCS_94,0.018326355
Protein_OHE_235,0.017988464
TTF_334,0.017899456
MACCS_158,0.017569285
MACCS_116,0.017167866
TTF_637,0.017131133
Protein_OHE_415,0.017085783
Protein_OHE_517,0.017011238
Protein_OHE_52,0.016875908
Protein_OHE_735,0.016738256
Protein_OHE_55,0.016647577
Protein_OHE_274,0.016478634
TTF_381,0.0161607
TTF_1697,0.01615287
MACCS_164,0.016114667
Protein_OHE_130,0.01611096
Protein_OHE_23,0.016064351
Protein_OHE_226,0.016047481
Protein_OHE_953,0.01587495
Protein_OHE_986,0.015768163
Protein_OHE_155,0.015718775
MACCS_70,0.015313247
Protein_OHE_156,0.015219869
TTF_413,0.015214133
Protein_OHE_350,0.015204448
Protein_OHE_62,0.014887312
Protein_OHE_832,0.014838045
Protein_OHE_58,0.014627466
MACCS_104,0.014521127
Protein_OHE_992,0.014479449
MACCS_95,0.014459812
Protein_OHE_181,0.014426268
Protein_OHE_785,0.014416064
MACCS_137,0.014173026
TTF_1530,0.01413425
TTF_697,0.0139877265
Protein_OHE_41,0.013807413
TTF_113,0.013782071
TTF_733,0.013764997
Protein_OHE_537,0.013673007
Protein_OHE_461,0.0136037925
Protein_OHE_641,0.013515842
Protein_OHE_330,0.013501847
Protein_OHE_706,0.013198622
Protein_OHE_92,0.013115431
TTF_846,0.012894724
Protein_OHE_76,0.012808192
Protein_OHE_132,0.012629554
MACCS_130,0.012561857
MACCS_103,0.012556726
Protein_OHE_561,0.012527149
Protein_OHE_595,0.012282188
Protein_OHE_236,0.012241961
Protein_OHE_598,0.012119148
MACCS_26,0.01203014
TTF_1481,0.011884932
TTF_269,0.01188262
Protein_OHE_390,0.011872401
Protein_OHE_572,0.011691414
Protein_OHE_885,0.011605782
TTF_1313,0.011539694
Protein_OHE_121,0.011504018
TTF_1753,0.011372748
Protein_OHE_938,0.011223745
TTF_537,0.011209035
TTF_286,0.011178381
Protein_OHE_637,0.011177202
Protein_OHE_183,0.011012365
Protein_OHE_307,0.010917342
Protein_OHE_372,0.010839324
Protein_OHE_535,0.010821955
Protein_OHE_674,0.010690891
TTF_13,0.010682798
Protein_OHE_198,0.010671235
Protein_OHE_441,0.010630125
Protein_OHE_413,0.010571509
Protein_OHE_436,0.0105089415
Protein_OHE_669,0.010425711
Protein_OHE_678,0.010276522
Protein_OHE_982,0.010276489
Protein_OHE_505,0.010119278
Protein_OHE_910,0.010072971
Protein_OHE_375,0.010048802
Protein_OHE_255,0.010032621
MACCS_152,0.0100258235
MACCS_90,0.0099338265
Protein_OHE_473,0.009931356
Protein_OHE_981,0.009882633
Protein_OHE_627,0.009854479
Protein_OHE_21,0.009841752
Protein_OHE_366,0.009758978
Protein_OHE_137,0.0096853655
Protein_OHE_897,0.009377203
Protein_OHE_373,0.00935851
Protein_OHE_533,0.00930149
Protein_OHE_850,0.009208745
Protein_OHE_344,0.009178207
Protein_OHE_693,0.009132379
Protein_OHE_440,0.009077392
Protein_OHE_493,0.0090551125
Protein_OHE_573,0.008918774
MACCS_124,0.008914157
Protein_OHE_96,0.008795447
Protein_OHE_513,0.008774493
MACCS_133,0.008677827
Protein_OHE_406,0.008622067
Protein_OHE_743,0.008605429
MACCS_161,0.008438973
Protein_OHE_792,0.008381393
TTF_389,0.008330433
MACCS_140,0.008298724
Protein_OHE_115,0.008237738
Protein_OHE_150,0.0082332445
Protein_OHE_370,0.008183683
Protein_OHE_802,0.008151702
Protein_OHE_135,0.008110277
Protein_OHE_801,0.008082429
Protein_OHE_138,0.008072321
MACCS_163,0.008023222
Protein_OHE_654,0.0079814475
Protein_OHE_605,0.0079806335
Protein_OHE_748,0.007960488
Protein_OHE_199,0.007943633
TTF_762,0.007877599
Protein_OHE_89,0.0078090443
TTF_1801,0.0078006606
TTF_282,0.0077795307
Protein_OHE_434,0.00776381
Protein_OHE_646,0.0076576346
TTF_446,0.0076369303
Protein_OHE_957,0.007616851
TTF_573,0.0073307697
TTF_383,0.0073136473
Protein_OHE_338,0.007215185
Protein_OHE_645,0.0072020926
TTF_435,0.007139472
Protein_OHE_303,0.007137113
TTF_1981,0.0071003893
TTF_1561,0.007017985
Protein_OHE_164,0.007003308
Protein_OHE_503,0.0070008496
TTF_474,0.006922432
MACCS_87,0.006916255
TTF_1637,0.006888195
Protein_OHE_190,0.0068823905
Protein_OHE_494,0.0068773516
Protein_OHE_972,0.0068542236
Protein_OHE_959,0.00679033
Protein_OHE_112,0.006763881
TTF_521,0.006748051
MACCS_107,0.0067056534
Protein_OHE_106,0.0067053745
Protein_OHE_640,0.006688616
Protein_OHE_805,0.0066559548
Protein_OHE_715,0.006653662
MACCS_125,0.0066509377
Protein_OHE_449,0.006611468
MACCS_126,0.0066091586
TTF_673,0.006568979
Protein_OHE_661,0.006458414
Protein_OHE_384,0.0063455454
TTF_281,0.006315098
TTF_1657,0.006303943
TTF_1226,0.0062983106
Protein_OHE_403,0.006267981
TTF_502,0.006204314
TTF_553,0.0062010163
TTF_526,0.0061797346
MACCS_83,0.0061555603
Protein_OHE_904,0.0061448133
Protein_OHE_977,0.006144676
Protein_OHE_589,0.0061430302
TTF_384,0.0061392724
Protein_OHE_793,0.006130515
MACCS_117,0.006117413
Protein_OHE_136,0.0060810247
TTF_369,0.0060332413
Protein_OHE_665,0.005982973
TTF_1173,0.005904489
MACCS_147,0.0058129732
Protein_OHE_927,0.0058061234
Protein_OHE_516,0.0057957177
Protein_OHE_472,0.0057410197
Protein_OHE_856,0.0057210363
Protein_OHE_575,0.0057191593
Protein_OHE_887,0.005706727
MACCS_65,0.0056868303
MACCS_136,0.005664449
TTF_789,0.0056530805
MACCS_155,0.005639043
TTF_458,0.0056015328
TTF_50,0.005557044
TTF_1010,0.0055371495
Protein_OHE_170,0.0054798326
TTF_1838,0.0054390808
Protein_OHE_683,0.0054339464
Protein_OHE_752,0.0054234364
Protein_OHE_230,0.00540687
TTF_654,0.0054068
Protein_OHE_457,0.0054043564
MACCS_35,0.0053865
Protein_OHE_243,0.0053786836
MACCS_120,0.005365104
TTF_633,0.005359373
Protein_OHE_341,0.005309075
Protein_OHE_629,0.005301768
TTF_141,0.005287289
Protein_OHE_359,0.005268955
Protein_OHE_783,0.005237015
Protein_OHE_224,0.0052322857
TTF_313,0.0052277213
Protein_OHE_830,0.005218358
TTF_445,0.005205598
Protein_OHE_430,0.005166453
TTF_489,0.0051611993
Protein_OHE_834,0.0051472546
MACCS_129,0.005141156
Protein_OHE_410,0.0051368275
TTF_1237,0.0051272404
TTF_105,0.00509018
Protein_OHE_475,0.0050895815
TTF_946,0.0050846073
TTF_877,0.0050811926
Protein_OHE_741,0.0050477446
Protein_OHE_753,0.0050342
Protein_OHE_709,0.005031653
Protein_OHE_309,0.0049953694
Protein_OHE_623,0.00498795
Protein_OHE_612,0.004973927
TTF_1533,0.0049647116
Protein_OHE_315,0.0049636234
Protein_OHE_159,0.0049336264
Protein_OHE_81,0.004926754
TTF_1659,0.0049097138
MACCS_85,0.0049032704
Protein_OHE_474,0.0048773116
Protein_OHE_50,0.0048491317
Protein_OHE_776,0.00481292
Protein_OHE_210,0.0047899317
TTF_2017,0.004788139
MACCS_44,0.004760638
Protein_OHE_88,0.0047538443
Protein_OHE_950,0.004729368
MACCS_101,0.004717942
MACCS_42,0.004711876
TTF_481,0.0046896674
Protein_OHE_670,0.0046820077
Protein_OHE_270,0.0046342867
Protein_OHE_24,0.0046083685
Protein_OHE_689,0.004591194
Protein_OHE_261,0.004583521
Protein_OHE_761,0.004573885
Protein_OHE_859,0.0045660785
Protein_OHE_997,0.004535343
Protein_OHE_644,0.0045084297
Protein_OHE_686,0.004505239
MACCS_112,0.004472693
TTF_1213,0.0044701383
Protein_OHE_246,0.0044649285
Protein_OHE_866,0.0044476087
TTF_1966,0.004422255
Protein_OHE_117,0.0044044834
TTF_529,0.0044028684
Protein_OHE_253,0.0043694368
MACCS_154,0.004360697
Protein_OHE_870,0.004358893
TTF_1602,0.0043533714
Protein_OHE_234,0.004350948
Protein_OHE_718,0.004332275
TTF_1833,0.0043223742
Protein_OHE_404,0.004321438
TTF_1441,0.0043018432
TTF_265,0.0042577614
Protein_OHE_650,0.004248975
MACCS_53,0.0042376765
Protein_OHE_191,0.004234662
Protein_OHE_733,0.0042294925
TTF_743,0.0042172847
Protein_OHE_555,0.004171831
Protein_OHE_485,0.0041604876
Protein_OHE_388,0.004137209
Protein_OHE_56,0.0041343095
Protein_OHE_538,0.004132685
Protein_OHE_389,0.0041092294
Protein_OHE_353,0.0040996913
TTF_913,0.0040927962
Protein_OHE_443,0.004070887
MACCS_141,0.004070383
MACCS_131,0.004052891
Protein_OHE_965,0.004046911
TTF_653,0.004041648
Protein_OHE_429,0.0040386594
Protein_OHE_988,0.0040190066
TTF_385,0.004004304
Protein_OHE_288,0.003984482
Protein_OHE_301,0.0039820466
Protein_OHE_867,0.003962355
Protein_OHE_909,0.003954174
TTF_1630,0.0039420496
Protein_OHE_766,0.0039235847
MACCS_54,0.0039128633
Protein_OHE_635,0.0039054912
Protein_OHE_93,0.003897141
MACCS_92,0.0038936832
Protein_OHE_782,0.0038735766
Protein_OHE_833,0.0038564845
TTF_1842,0.0038410777
Protein_OHE_633,0.00382676
Protein_OHE_506,0.0038179578
Protein_OHE_116,0.0037837892
Protein_OHE_889,0.003767149
TTF_2029,0.0037655432
TTF_14,0.003733381
TTF_49,0.0037283197
TTF_805,0.0037203382
MACCS_113,0.0037161233
Protein_OHE_746,0.0037150404
Protein_OHE_466,0.0037104415
Protein_OHE_552,0.0036838278
MACCS_91,0.0036709583
Protein_OHE_593,0.0036646235
Protein_OHE_334,0.0036279988
Protein_OHE_854,0.003609946
Protein_OHE_278,0.0036061076
Protein_OHE_960,0.0035917347
Protein_OHE_438,0.0035885135
Protein_OHE_862,0.0035657221
TTF_625,0.0035592136
Protein_OHE_809,0.0035498575
MACCS_96,0.0035433099
Protein_OHE_490,0.00353589
TTF_229,0.003521257
TTF_2042,0.0035182266
MACCS_121,0.0035169688
MACCS_39,0.0035059245
TTF_1757,0.0035019098
MACCS_115,0.0034878051
Protein_OHE_119,0.0034738842
Protein_OHE_917,0.0034707503
Protein_OHE_732,0.0034691452
Protein_OHE_310,0.0034592235
TTF_145,0.0034246028
Protein_OHE_73,0.0034125822
Protein_OHE_277,0.0034028944
MACCS_89,0.0034018937
Protein_OHE_504,0.003400448
TTF_1,0.003388207
TTF_511,0.0033606626
Protein_OHE_921,0.0033592097
Protein_OHE_90,0.0033537357
Protein_OHE_728,0.0033397283
TTF_1938,0.0033283115
Protein_OHE_597,0.0033148772
TTF_1750,0.0032947194
Protein_OHE_636,0.003289637
MACCS_38,0.0032789984
MACCS_98,0.0032745295
Protein_OHE_975,0.0032742862
TTF_478,0.003255055
Protein_OHE_94,0.0032534364
Protein_OHE_193,0.0032430673
TTF_1645,0.0032008882
Protein_OHE_675,0.0031871763
MACCS_78,0.0031831332
Protein_OHE_57,0.0031725077
Protein_OHE_630,0.0031519665
Protein_OHE_774,0.0031451941
Protein_OHE_263,0.0031409892
Protein_OHE_293,0.0031343047
Protein_OHE_439,0.0031253342
Protein_OHE_647,0.0030883376
TTF_361,0.0030861876
Protein_OHE_541,0.0030852177
Protein_OHE_354,0.003079457
MACCS_84,0.0030630333
Protein_OHE_272,0.0030379475
MACCS_47,0.00301219
Protein_OHE_587,0.0030101072
Protein_OHE_294,0.0030042056
Protein_OHE_206,0.0029997097
TTF_710,0.0029929604
MACCS_109,0.0029912174
Protein_OHE_742,0.0029780625
TTF_1493,0.002973415
Protein_OHE_740,0.0029658533
TTF_1949,0.0029625755
TTF_1793,0.0029618826
Protein_OHE_467,0.0029605294
TTF_1845,0.0029581853
MACCS_134,0.0029234497
TTF_1718,0.0029232658
TTF_589,0.0029172436
Protein_OHE_249,0.002911641
Protein_OHE_48,0.0029072352
Protein_OHE_381,0.00290018
Protein_OHE_254,0.0028923526
Protein_OHE_948,0.0028886166
Protein_OHE_873,0.0028875659
MACCS_66,0.0028857861
TTF_525,0.0028795497
MACCS_73,0.0028773725
MACCS_122,0.0028773441
Protein_OHE_609,0.0028648656
MACCS_114,0.0028644814
Protein_OHE_974,0.0028578942
Protein_OHE_173,0.0028507207
TTF_331,0.002848218
TTF_1909,0.0028461714
Protein_OHE_363,0.0028432042
Protein_OHE_955,0.002840885
Protein_OHE_98,0.0028408158
TTF_349,0.002832887
Protein_OHE_409,0.0028300972
Protein_OHE_369,0.0028284432
Protein_OHE_70,0.002821316
Protein_OHE_858,0.0028167178
Protein_OHE_926,0.002807949
TTF_1769,0.0028004034
Protein_OHE_922,0.0027953049
MACCS_102,0.0027925146
TTF_918,0.0027904813
Protein_OHE_773,0.0027817166
TTF_323,0.0027777795
TTF_498,0.0027763876
TTF_505,0.0027582748
Protein_OHE_292,0.0027515746
TTF_1635,0.0027499131
Protein_OHE_677,0.0027354031
Protein_OHE_328,0.0027323149
Protein_OHE_232,0.0027248256
TTF_1229,0.00271377
TTF_941,0.0027081205
TTF_1698,0.0027072278
TTF_1973,0.002699055
TTF_2,0.0026966087
Protein_OHE_465,0.002690126
Protein_OHE_847,0.002685485
MACCS_86,0.0026827692
TTF_1638,0.002682604
Protein_OHE_487,0.0026728758
TTF_455,0.0026646638
Protein_OHE_259,0.0026523347
TTF_1317,0.0026488767
Protein_OHE_250,0.0026465717
Protein_OHE_306,0.0026400124
Protein_OHE_804,0.0026315174
Protein_OHE_240,0.0026240242
MACCS_111,0.002606495
Protein_OHE_757,0.002600169
Protein_OHE_581,0.0025772308
TTF_461,0.0025724857
TTF_486,0.00256579
Protein_OHE_141,0.0025588954
MACCS_67,0.0025496602
Protein_OHE_569,0.002541595
MACCS_128,0.0025386864
TTF_1633,0.002528502
Protein_OHE_905,0.0025250306
TTF_25,0.0025226222
Protein_OHE_544,0.0025134927
Protein_OHE_86,0.0024950288
MACCS_105,0.0024905044
Protein_OHE_25,0.002488362
TTF_378,0.0024853877
MACCS_77,0.002479128
Protein_OHE_286,0.0024617382
Protein_OHE_619,0.002457115
TTF_305,0.0024535197
Protein_OHE_893,0.0024513083
Protein_OHE_196,0.002450632
Protein_OHE_31,0.0024422167
Protein_OHE_470,0.002427211
Protein_OHE_662,0.0024238226
Protein_OHE_798,0.0024194994
MACCS_135,0.0024182359
Protein_OHE_386,0.0024159602
Protein_OHE_775,0.0024157541
TTF_217,0.0024047967
Protein_OHE_416,0.0024006472
TTF_1715,0.0023847572
Protein_OHE_151,0.002384161
Protein_OHE_502,0.0023789797
Protein_OHE_714,0.002358246
TTF_1342,0.0023504563
TTF_250,0.0023460619
Protein_OHE_36,0.0023422253
Protein_OHE_268,0.0023398546
Protein_OHE_796,0.0023398213
TTF_1785,0.0023340532
Protein_OHE_985,0.0023303446
TTF_1289,0.0023252661
Protein_OHE_942,0.002321902
TTF_1477,0.0023142325
TTF_249,0.0022967714
Protein_OHE_496,0.002295254
MACCS_93,0.002294386
Protein_OHE_617,0.0022910275
MACCS_160,0.002285638
Protein_OHE_256,0.0022777433
MACCS_123,0.002262224
Protein_OHE_74,0.0022520402
Protein_OHE_248,0.002247692
TTF_1837,0.0022393458
TTF_17,0.002231114
Protein_OHE_924,0.002230953
Protein_OHE_346,0.0022159847
Protein_OHE_311,0.0022153954
Protein_OHE_423,0.002203862
MACCS_142,0.0022001471
Protein_OHE_189,0.002197685
Protein_OHE_30,0.0021931285
TTF_557,0.0021906216
MACCS_30,0.0021896285
Protein_OHE_433,0.0021877466
Protein_OHE_352,0.0021737712
Protein_OHE_26,0.0021581962
Protein_OHE_546,0.0021571731
Protein_OHE_762,0.0021533761
Protein_OHE_103,0.0021508448
Protein_OHE_77,0.002143264
Protein_OHE_188,0.0021414626
MACCS_138,0.0021302244
Protein_OHE_174,0.0021256236
TTF_1449,0.0021197519
Protein_OHE_276,0.002119361
Protein_OHE_298,0.0021052086
TTF_1563,0.0021042314
Protein_OHE_215,0.0020999382
TTF_1350,0.0020906765
Protein_OHE_282,0.0020864848
MACCS_76,0.0020785045
TTF_1053,0.0020784675
Protein_OHE_347,0.002078215
TTF_618,0.0020762973
Protein_OHE_64,0.0020683738
Protein_OHE_157,0.0020638334
Protein_OHE_321,0.0020550713
Protein_OHE_707,0.0020531914
Protein_OHE_934,0.0020492896
Protein_OHE_979,0.0020492144
Protein_OHE_34,0.0020430682
TTF_29,0.0020414412
MACCS_139,0.0020412307
TTF_322,0.0020315857
TTF_485,0.0020313836
Protein_OHE_262,0.0020265707
Protein_OHE_247,0.002025644
TTF_1003,0.002017891
Protein_OHE_376,0.0020137213
TTF_669,0.0020121974
Protein_OHE_144,0.0020088314
MACCS_41,0.0020057678
TTF_1893,0.0019985728
Protein_OHE_566,0.0019938173
TTF_761,0.001976502
Protein_OHE_696,0.0019756784
MACCS_81,0.001959781
TTF_1965,0.0019554466
TTF_377,0.0019431202
MACCS_58,0.0019407489
Protein_OHE_477,0.001938329
Protein_OHE_579,0.0019332453
TTF_277,0.001932692
Protein_OHE_273,0.0019318106
Protein_OHE_829,0.0019241892
Protein_OHE_778,0.0019182737
TTF_709,0.0018967552
Protein_OHE_932,0.0018920309
Protein_OHE_488,0.0018918703
Protein_OHE_973,0.0018865507
TTF_1285,0.0018827032
TTF_1950,0.0018803224
TTF_873,0.001879158
Protein_OHE_445,0.0018767962
Protein_OHE_129,0.0018755557
Protein_OHE_142,0.0018709336
Protein_OHE_737,0.0018590296
Protein_OHE_978,0.0018575237
Protein_OHE_702,0.0018573106
Protein_OHE_146,0.0018525801
MACCS_156,0.0018519025
Protein_OHE_968,0.0018473073
Protein_OHE_701,0.0018464623
Protein_OHE_530,0.0018422405
Protein_OHE_558,0.0018405147
Protein_OHE_820,0.0018395716
Protein_OHE_501,0.001838307
Protein_OHE_187,0.0018367756
Protein_OHE_536,0.0018308748
TTF_278,0.0018307483
TTF_1765,0.0018280734
Protein_OHE_435,0.0018279087
Protein_OHE_594,0.0018264572
Protein_OHE_180,0.0018212519
TTF_1416,0.001819115
Protein_OHE_929,0.0018114062
Protein_OHE_225,0.0018066403
TTF_1955,0.0018056919
TTF_1233,0.0018004819
Protein_OHE_989,0.001795396
MACCS_159,0.0017880995
TTF_745,0.001788058
MACCS_33,0.0017709729
Protein_OHE_44,0.001770188
TTF_157,0.001764886
MACCS_162,0.0017483437
Protein_OHE_964,0.0017467772
Protein_OHE_46,0.0017464514
Protein_OHE_177,0.0017452305
TTF_181,0.0017446926
Protein_OHE_880,0.0017441813
Protein_OHE_896,0.0017436686
Protein_OHE_209,0.0017419268
Protein_OHE_99,0.0017404881
Protein_OHE_412,0.0017397363
Protein_OHE_570,0.0017273036
TTF_1937,0.0017184091
MACCS_157,0.0017172244
TTF_1825,0.0017085464
Protein_OHE_814,0.0017079551
TTF_321,0.0016992618
Protein_OHE_169,0.0016778046
TTF_410,0.0016749431
Protein_OHE_790,0.0016708109
TTF_1485,0.0016673654
Protein_OHE_266,0.0016601613
Protein_OHE_816,0.0016581175
Protein_OHE_97,0.0016556203
TTF_234,0.0016551748
TTF_146,0.0016480193
MACCS_119,0.0016399231
Protein_OHE_760,0.0016360153
MACCS_80,0.0016339119
TTF_1429,0.0016338521
Protein_OHE_154,0.0016315213
TTF_764,0.0016271985
TTF_1157,0.0016230603
Protein_OHE_764,0.0016179279
Protein_OHE_397,0.0016168968
MACCS_63,0.0016152465
TTF_1097,0.0016147728
TTF_437,0.0016144993
TTF_1381,0.0016123598
TTF_1217,0.0016029798
Protein_OHE_624,0.001602138
Protein_OHE_421,0.0016017706
Protein_OHE_479,0.0015999655
TTF_693,0.0015991216
MACCS_151,0.0015988296
TTF_1385,0.0015933344
Protein_OHE_296,0.0015865298
MACCS_75,0.0015843749
TTF_61,0.0015843668
Protein_OHE_868,0.0015810602
Protein_OHE_563,0.001572929
TTF_1841,0.0015710578
TTF_1353,0.0015675287
Protein_OHE_53,0.0015608211
Protein_OHE_797,0.0015555208
TTF_1461,0.0015535244
MACCS_110,0.0015490016
Protein_OHE_358,0.001548049
TTF_925,0.0015436201
Protein_OHE_478,0.0015406278
TTF_1742,0.0015400808
MACCS_165,0.0015393923
TTF_1153,0.0015363946
Protein_OHE_698,0.001536004
Protein_OHE_333,0.0015352574
Protein_OHE_161,0.0015286932
Protein_OHE_442,0.001527922
Protein_OHE_705,0.0015175075
TTF_1298,0.0015133616
Protein_OHE_632,0.0015130981
Protein_OHE_564,0.001510051
TTF_1318,0.0015079215
Protein_OHE_712,0.0014988437
TTF_1434,0.001497426
Protein_OHE_84,0.0014921982
Protein_OHE_810,0.0014875559
Protein_OHE_803,0.0014854593
Protein_OHE_110,0.0014817079
TTF_438,0.0014804892
Protein_OHE_591,0.001475942
TTF_1717,0.0014753509
Protein_OHE_456,0.0014745074
Protein_OHE_289,0.0014733088
Protein_OHE_426,0.0014731635
TTF_1870,0.0014729844
Protein_OHE_554,0.001465447
TTF_558,0.0014639149
TTF_1369,0.0014630021
MACCS_127,0.0014625099
Protein_OHE_122,0.0014618227
TTF_2009,0.0014592065
Protein_OHE_625,0.00145491
TTF_1509,0.0014497187
Protein_OHE_547,0.0014479368
TTF_1869,0.0014456707
Protein_OHE_446,0.0014441818
TTF_235,0.0014355069
Protein_OHE_584,0.0014336405
Protein_OHE_237,0.0014330983
Protein_OHE_131,0.0014317299
Protein_OHE_217,0.0014295325
Protein_OHE_214,0.0014238618
Protein_OHE_770,0.0014225709
TTF_45,0.0014224747
Protein_OHE_607,0.0014218929
TTF_169,0.0014201929
TTF_1029,0.0014162585
Protein_OHE_618,0.0014047977
TTF_257,0.0014038164
Protein_OHE_244,0.0014029293
Protein_OHE_379,0.0013967005
Protein_OHE_149,0.0013954416
Protein_OHE_65,0.0013950935
Protein_OHE_800,0.0013944629
Protein_OHE_588,0.0013872146
TTF_1497,0.0013860915
Protein_OHE_884,0.0013837903
Protein_OHE_604,0.0013812843
Protein_OHE_711,0.0013717613
TTF_1701,0.0013655969
Protein_OHE_657,0.00136474
Protein_OHE_827,0.0013633042
Protein_OHE_228,0.0013613116
Protein_OHE_78,0.0013598372
Protein_OHE_621,0.0013549507
Protein_OHE_469,0.0013535985
Protein_OHE_824,0.0013530612
TTF_549,0.0013530224
Protein_OHE_731,0.0013522961
TTF_1470,0.0013510876
Protein_OHE_616,0.0013504333
TTF_1858,0.0013447047
Protein_OHE_495,0.001342675
Protein_OHE_197,0.0013367074
Protein_OHE_676,0.0013306553
Protein_OHE_845,0.0013273031
Protein_OHE_192,0.0013222793
MACCS_145,0.0013113294
Protein_OHE_781,0.0013054709
Protein_OHE_340,0.0013001228
Protein_OHE_881,0.0012984963
TTF_1022,0.0012984938
Protein_OHE_241,0.0012958361
Protein_OHE_484,0.001281944
Protein_OHE_758,0.0012802769
Protein_OHE_424,0.0012798464
TTF_1878,0.0012778814
Protein_OHE_153,0.0012769876
TTF_734,0.0012669652
Protein_OHE_468,0.0012621469
Protein_OHE_853,0.0012599612
Protein_OHE_925,0.0012585585
Protein_OHE_556,0.0012578131
Protein_OHE_113,0.0012448706
TTF_501,0.0012421377
MACCS_99,0.0012409865
Protein_OHE_287,0.0012400454
Protein_OHE_951,0.0012337252
TTF_1045,0.0012318904
TTF_1013,0.0012269992
Protein_OHE_361,0.0012257549
Protein_OHE_755,0.001225266
Protein_OHE_794,0.0012231247
TTF_337,0.0012164211
TTF_365,0.0012144062
TTF_750,0.0012137496
TTF_1453,0.0012122991
Protein_OHE_826,0.0012103788
Protein_OHE_808,0.0012097337
Protein_OHE_578,0.0012086284
Protein_OHE_840,0.0012049287
Protein_OHE_875,0.0012047918
TTF_1349,0.0012025989
TTF_2013,0.0012010263
Protein_OHE_218,0.0012000534
Protein_OHE_102,0.0011987076
Protein_OHE_548,0.0011917495
TTF_1661,0.0011819701
Protein_OHE_176,0.0011791592
TTF_561,0.0011756914
TTF_1225,0.001174309
Protein_OHE_519,0.001173318
Protein_OHE_109,0.0011681183
Protein_OHE_890,0.0011653687
TTF_379,0.001165113
Protein_OHE_865,0.0011590186
Protein_OHE_739,0.0011583848
Protein_OHE_668,0.0011524569
MACCS_118,0.0011484217
Protein_OHE_448,0.0011447542
Protein_OHE_61,0.0011362929
MACCS_40,0.0011324543
Protein_OHE_841,0.0011137307
TTF_409,0.001112081
Protein_OHE_878,0.001111475
MACCS_18,0.0011100887
Protein_OHE_907,0.0011068452
Protein_OHE_726,0.001102653
Protein_OHE_717,0.0011013813
MACCS_51,0.0011003833
Protein_OHE_213,0.0010987625
TTF_1539,0.0010911778
TTF_994,0.0010896355
Protein_OHE_861,0.0010849114
Protein_OHE_481,0.0010844608
Protein_OHE_399,0.0010844475
TTF_1009,0.0010830621
Protein_OHE_454,0.0010810232
Protein_OHE_238,0.0010779031
TTF_581,0.0010762626
Protein_OHE_476,0.0010739685
TTF_1425,0.0010728717
TTF_785,0.0010726702
Protein_OHE_163,0.0010690336
TTF_1393,0.0010676561
Protein_OHE_534,0.0010659959
Protein_OHE_970,0.0010647827
Protein_OHE_95,0.0010640469
Protein_OHE_327,0.001062779
Protein_OHE_643,0.0010622645
TTF_1346,0.0010595848
Protein_OHE_362,0.0010576199
Protein_OHE_260,0.0010574012
Protein_OHE_510,0.0010551651
Protein_OHE_966,0.0010542424
Protein_OHE_107,0.0010524913
TTF_433,0.001051242
Protein_OHE_453,0.0010458261
Protein_OHE_596,0.0010439464
TTF_1057,0.0010424505
MACCS_49,0.0010422765
TTF_1373,0.0010368781
Protein_OHE_795,0.0010351156
Protein_OHE_302,0.0010338457
Protein_OHE_817,0.001027915
MACCS_148,0.0010205938
TTF_174,0.0010131629
Protein_OHE_906,0.0010116339
Protein_OHE_395,0.0010115566
Protein_OHE_961,0.0010074516
TTF_689,0.0010038032
Protein_OHE_811,0.0010027647
Protein_OHE_521,0.0009998793
Protein_OHE_275,0.0009973048
TTF_1889,0.0009955394
Protein_OHE_836,0.0009944316
TTF_1538,0.000994202
TTF_1137,0.0009884804
Protein_OHE_901,0.0009871507
Protein_OHE_894,0.0009852434
Protein_OHE_599,0.0009849034
Protein_OHE_756,0.0009846165
TTF_441,0.0009800968
TTF_862,0.0009773821
TTF_690,0.00097517297
Protein_OHE_398,0.0009725026
Protein_OHE_33,0.000971959
Protein_OHE_883,0.00096726336
TTF_593,0.00096314965
Protein_OHE_318,0.000962594
TTF_1438,0.0009604673
Protein_OHE_553,0.0009604607
MACCS_100,0.000959458
TTF_1954,0.00095354614
Protein_OHE_281,0.000953178
Protein_OHE_201,0.0009523774
Protein_OHE_283,0.0009518681
TTF_262,0.000949356
TTF_421,0.00094707706
Protein_OHE_823,0.0009453065
Protein_OHE_175,0.0009452577
Protein_OHE_736,0.0009450425
TTF_1759,0.0009439041
TTF_473,0.00094378344
TTF_609,0.0009425761
Protein_OHE_895,0.00094181584
Protein_OHE_956,0.0009411296
Protein_OHE_195,0.0009397037
Protein_OHE_489,0.00093951303
Protein_OHE_285,0.00093679246
TTF_681,0.0009321816
Protein_OHE_812,0.00093140727
Protein_OHE_308,0.0009312823
Protein_OHE_653,0.0009302638
TTF_645,0.0009301361
Protein_OHE_125,0.0009287714
Protein_OHE_899,0.00092790904
Protein_OHE_401,0.00092750596
Protein_OHE_846,0.0009226441
TTF_1297,0.0009211004
TTF_622,0.0009206725
Protein_OHE_704,0.0009170467
Protein_OHE_936,0.000914252
Protein_OHE_216,0.00091151084
TTF_853,0.0009103822
Protein_OHE_723,0.00090902764
TTF_1997,0.0009078983
TTF_1550,0.0009056821
Protein_OHE_913,0.0009056778
TTF_686,0.0009002185
TTF_285,0.0008983451
TTF_597,0.0008950509
TTF_1790,0.0008944081
TTF_222,0.00089130516
Protein_OHE_104,0.0008819276
Protein_OHE_789,0.00088164594
Protein_OHE_72,0.0008811036
Protein_OHE_205,0.00088002096
Protein_OHE_152,0.0008797892
MACCS_167,0.0008750692
Protein_OHE_184,0.0008684717
Protein_OHE_524,0.0008671438
Protein_OHE_945,0.000865803
Protein_OHE_863,0.0008635787
Protein_OHE_337,0.0008618268
TTF_1491,0.0008577951
Protein_OHE_788,0.0008576873
TTF_594,0.00085050566
Protein_OHE_483,0.00084815995
TTF_294,0.0008458875
Protein_OHE_229,0.00084136194
Protein_OHE_336,0.0008407047
Protein_OHE_507,0.0008405655
Protein_OHE_903,0.0008356487
TTF_1754,0.00083526917
TTF_1042,0.00083161914
Protein_OHE_69,0.0008291731
TTF_997,0.0008282731
Protein_OHE_365,0.00082274736
TTF_1714,0.00082174165
TTF_218,0.0008198445
Protein_OHE_918,0.00081936206
Protein_OHE_405,0.00081759033
Protein_OHE_202,0.00081689074
TTF_122,0.0008142858
Protein_OHE_450,0.0008130816
TTF_1739,0.000812916
Protein_OHE_720,0.00080692675
Protein_OHE_697,0.00079690746
TTF_393,0.0007963581
Protein_OHE_656,0.00079515105
TTF_1625,0.0007901993
Protein_OHE_264,0.0007895291
TTF_595,0.0007882163
TTF_2046,0.0007864226
TTF_465,0.00078539585
TTF_1174,0.0007848781
TTF_293,0.0007832526
TTF_655,0.00078096817
TTF_345,0.0007807935
Protein_OHE_933,0.0007798477
Protein_OHE_738,0.00077383727
TTF_1073,0.00077162444
Protein_OHE_984,0.00076373824
Protein_OHE_585,0.0007600872
Protein_OHE_38,0.00075947173
Protein_OHE_813,0.0007550191
TTF_1894,0.0007549197
TTF_434,0.00075441133
Protein_OHE_694,0.00074311876
Protein_OHE_590,0.0007378199
TTF_1805,0.00073655724
Protein_OHE_916,0.00073221547
Protein_OHE_638,0.0007293265
Protein_OHE_444,0.00072660454
Protein_OHE_385,0.0007262708
TTF_414,0.00072565686
Protein_OHE_848,0.0007251109
Protein_OHE_655,0.0007241999
Protein_OHE_455,0.0007178898
Protein_OHE_666,0.0007144967
Protein_OHE_568,0.0007143135
TTF_773,0.00071246125
Protein_OHE_611,0.0007100515
Protein_OHE_716,0.000708586
TTF_380,0.000706268
Protein_OHE_963,0.0007044653
TTF_1746,0.00070189364
TTF_1489,0.00070178724
TTF_469,0.0006963646
TTF_1133,0.0006952772
TTF_1017,0.000693568
Protein_OHE_835,0.0006908771
Protein_OHE_998,0.00068975193
Protein_OHE_204,0.00068844616
TTF_546,0.0006862049
Protein_OHE_297,0.00068588235
Protein_OHE_515,0.00068301655
Protein_OHE_567,0.00068299205
Protein_OHE_583,0.00067724613
MACCS_108,0.00067630626
Protein_OHE_943,0.0006732777
TTF_342,0.0006708729
Protein_OHE_681,0.00066881377
TTF_499,0.0006660732
Protein_OHE_342,0.00066578545
TTF_288,0.0006626566
Protein_OHE_915,0.00066157395
Protein_OHE_374,0.0006608502
TTF_1201,0.0006607114
TTF_30,0.00066029077
TTF_1409,0.0006586848
Protein_OHE_418,0.0006580993
TTF_1245,0.00065797835
TTF_875,0.00065507117
TTF_998,0.0006522418
Protein_OHE_610,0.0006512369
Protein_OHE_51,0.0006435489
TTF_614,0.0006416068
TTF_999,0.0006410601
Protein_OHE_993,0.00063975586
Protein_OHE_754,0.0006366076
Protein_OHE_849,0.00063426397
Protein_OHE_626,0.0006313942
TTF_1643,0.0006304971
MACCS_34,0.0006247713
MACCS_68,0.00062466634
TTF_643,0.0006231409
TTF_929,0.0006223463
Protein_OHE_525,0.0006207173
Protein_OHE_280,0.00062064256
Protein_OHE_316,0.00062011776
Protein_OHE_319,0.00061982067
TTF_1321,0.0006169141
Protein_OHE_231,0.00061163015
Protein_OHE_432,0.0006114671
TTF_1755,0.0006102803
TTF_1953,0.0006046609
TTF_341,0.00060217164
TTF_1549,0.00060194836
TTF_158,0.00060140976
TTF_921,0.0005997397
Protein_OHE_877,0.0005970755
TTF_701,0.0005957276
TTF_449,0.00059570116
Protein_OHE_497,0.0005893159
Protein_OHE_708,0.0005872571
Protein_OHE_549,0.0005868472
TTF_1294,0.0005867388
Protein_OHE_688,0.0005862518
Protein_OHE_486,0.0005848539
Protein_OHE_43,0.00058432465
TTF_2016,0.0005831449
TTF_1061,0.0005778447
TTF_634,0.0005760734
TTF_1933,0.00057110324
Protein_OHE_908,0.0005703717
Protein_OHE_882,0.0005697653
Protein_OHE_324,0.0005695596
TTF_197,0.0005663147
TTF_497,0.00056547154
TTF_1081,0.00056180026
TTF_753,0.00056139904
TTF_1345,0.000559681
MACCS_88,0.00055947824
Protein_OHE_872,0.0005548768
Protein_OHE_768,0.0005547446
Protein_OHE_642,0.0005546619
Protein_OHE_628,0.0005526113
TTF_237,0.00055223674
TTF_1458,0.0005487015
Protein_OHE_779,0.0005484202
Protein_OHE_767,0.0005483156
Protein_OHE_185,0.0005481475
Protein_OHE_66,0.00054650975
TTF_1094,0.0005445755
Protein_OHE_49,0.0005439922
TTF_1417,0.0005431144
TTF_1413,0.000538271
TTF_1531,0.00053677417
Protein_OHE_729,0.00052669295
Protein_OHE_949,0.00052376377
TTF_1658,0.0005232999
Protein_OHE_332,0.00052205496
Protein_OHE_425,0.00052011485
Protein_OHE_492,0.0005186826
Protein_OHE_734,0.0005159896
Protein_OHE_769,0.0005143117
TTF_1585,0.0005120009
TTF_1829,0.00050930725
Protein_OHE_869,0.00050791027
TTF_1605,0.00050599244
Protein_OHE_806,0.00050495006
MACCS_19,0.00050481566
Protein_OHE_574,0.00050049915
Protein_OHE_400,0.00050042314
Protein_OHE_145,0.0005000576
Protein_OHE_864,0.00049669493
Protein_OHE_687,0.00049571175
TTF_1673,0.00049287203
TTF_1089,0.00049257715
TTF_523,0.00049015606
TTF_582,0.00048962014
Protein_OHE_649,0.00048735525
TTF_981,0.00048525794
TTF_117,0.00048410133
Protein_OHE_815,0.0004839632
TTF_1254,0.00048363878
MACCS_74,0.0004835104
Protein_OHE_219,0.0004829192
Protein_OHE_464,0.00048008322
Protein_OHE_166,0.0004793012
Protein_OHE_721,0.00047755998
Protein_OHE_317,0.00047507574
Protein_OHE_787,0.00047463807
TTF_1529,0.00047421825
Protein_OHE_222,0.00047239172
TTF_219,0.00046940884
Protein_OHE_355,0.00046596947
MACCS_27,0.00045584206
MACCS_48,0.00045544878
Protein_OHE_111,0.00045323308
MACCS_106,0.00045279565
TTF_641,0.00044950997
Protein_OHE_349,0.0004469417
Protein_OHE_969,0.00044593908
Protein_OHE_946,0.00044589082
Protein_OHE_508,0.00044477862
Protein_OHE_265,0.00044473683
Protein_OHE_744,0.00044377198
TTF_838,0.00044351336
MACCS_9,0.00044335
Protein_OHE_586,0.00044310355
Protein_OHE_364,0.00044191864
MACCS_46,0.00044116154
TTF_1613,0.00044021092
TTF_1719,0.00043281194
TTF_1771,0.00043280463
Protein_OHE_999,0.00043165602
Protein_OHE_143,0.00043146627
TTF_691,0.00043026928
Protein_OHE_855,0.00042810457
Protein_OHE_526,0.00042747855
TTF_1341,0.00042620575
Protein_OHE_269,0.00042551232
Protein_OHE_42,0.00042529963
TTF_685,0.00042497448
TTF_937,0.0004248783
Protein_OHE_394,0.00042064174
TTF_1925,0.00041918387
TTF_1473,0.00041834085
Protein_OHE_108,0.0004160704
TTF_1305,0.00041593343
Protein_OHE_123,0.00041589307
TTF_173,0.00041391127
Protein_OHE_522,0.00041308373
Protein_OHE_920,0.0004129549
TTF_1945,0.00041261138
TTF_1721,0.00041177243
Protein_OHE_299,0.00041069035
Protein_OHE_75,0.0004092953
TTF_1641,0.0004042951
TTF_1165,0.00040361728
TTF_1177,0.00040356678
TTF_373,0.0004025627
Protein_OHE_35,0.00040192236
TTF_309,0.00040025884
TTF_729,0.00039792486
MACCS_25,0.0003933001
Protein_OHE_606,0.00039186937
TTF_267,0.0003915187
Protein_OHE_614,0.00038893707
Protein_OHE_876,0.0003878868
Protein_OHE_257,0.000387161
Protein_OHE_545,0.0003837271
TTF_1713,0.00038303764
TTF_763,0.000382648
Protein_OHE_935,0.00038114892
TTF_1821,0.00038077
TTF_1693,0.000380329
Protein_OHE_608,0.00037762188
TTF_531,0.00037584515
TTF_1021,0.00037584125
TTF_1185,0.00037522265
Protein_OHE_408,0.00037352325
TTF_554,0.00037230348
TTF_702,0.00037132882
TTF_545,0.0003703161
Protein_OHE_821,0.00036814914
TTF_1033,0.0003651098
Protein_OHE_208,0.0003647763
Protein_OHE_186,0.00036472388
TTF_1662,0.00036260788
TTF_1709,0.00036150104
TTF_63,0.0003591152
TTF_125,0.0003590983
Protein_OHE_79,0.00035470107
Protein_OHE_179,0.00035199526
TTF_398,0.00035141167
Protein_OHE_828,0.00035120503
Protein_OHE_345,0.00035053224
Protein_OHE_325,0.00034833536
Protein_OHE_313,0.00034803734
Protein_OHE_378,0.00034782622
TTF_1505,0.00034474817
Protein_OHE_158,0.00034432075
TTF_397,0.00034176157
MACCS_23,0.0003406845
Protein_OHE_807,0.00034014584
TTF_1809,0.00033345012
Protein_OHE_622,0.0003305625
MACCS_71,0.0003298737
Protein_OHE_941,0.00032835567
Protein_OHE_414,0.0003282301
TTF_1301,0.00032795346
Protein_OHE_784,0.00032765523
Protein_OHE_167,0.00032656742
Protein_OHE_600,0.00032526307
TTF_1665,0.00032402223
TTF_510,0.00032373818
TTF_273,0.00032126924
Protein_OHE_874,0.0003174071
Protein_OHE_944,0.0003165966
Protein_OHE_747,0.00031572054
Protein_OHE_258,0.00031369753
Protein_OHE_396,0.0003135133
Protein_OHE_603,0.0003127133
TTF_411,0.00031241865
TTF_1326,0.0003103317
TTF_1025,0.00031004543
Protein_OHE_996,0.00030897695
Protein_OHE_314,0.00030874723
TTF_129,0.00030775403
TTF_897,0.00030645984
Protein_OHE_320,0.00030540949
TTF_1861,0.0003044708
Protein_OHE_437,0.00030086588
TTF_1293,0.00029691157
TTF_725,0.00029467425
TTF_121,0.00029220904
TTF_1629,0.00029192603
TTF_454,0.00029191075
TTF_1957,0.00029159125
TTF_1370,0.00028960683
TTF_1558,0.00028649578
Protein_OHE_211,0.0002823448
TTF_538,0.00028153975
TTF_638,0.00028050155
TTF_1846,0.00027771803
Protein_OHE_691,0.0002764168
Protein_OHE_329,0.00027620772
Protein_OHE_615,0.0002757021
Protein_OHE_100,0.0002699907
TTF_1581,0.00026879544
TTF_429,0.00026615092
Protein_OHE_393,0.0002659748
TTF_1989,0.0002657582
TTF_665,0.00026572763
TTF_1877,0.00026497353
TTF_97,0.00026471788
TTF_2038,0.00026399165
TTF_533,0.00026378743
TTF_939,0.00026003068
TTF_370,0.00025965102
TTF_287,0.00025936958
TTF_2021,0.0002590369
Protein_OHE_295,0.00025682568
TTF_1058,0.00025463843
TTF_1518,0.0002539809
TTF_674,0.00025361322
Protein_OHE_339,0.00025219796
Protein_OHE_343,0.0002520992
TTF_737,0.0002514984
Protein_OHE_658,0.0002509617
TTF_1745,0.00025027513
Protein_OHE_498,0.00024837017
TTF_2041,0.00024762438
Protein_OHE_780,0.00024603182
TTF_1873,0.00024593825
TTF_1469,0.0002457992
TTF_1654,0.00024393367
TTF_841,0.00024302714
Protein_OHE_511,0.00024114514
TTF_530,0.00024072867
TTF_662,0.00023823052
TTF_2014,0.00023742321
Protein_OHE_844,0.00023509501
Protein_OHE_562,0.00023399504
TTF_1553,0.00023366294
MACCS_4,0.00023303636
Protein_OHE_284,0.0002328261
TTF_1537,0.00023164306
Protein_OHE_242,0.00023108546
Protein_OHE_527,0.0002304454
TTF_705,0.00023043643
MACCS_144,0.00022907421
Protein_OHE_300,0.00022846748
Protein_OHE_509,0.0002269818
Protein_OHE_463,0.00022500947
TTF_646,0.00022335367
TTF_5,0.00022283086
Protein_OHE_162,0.00022245034
Protein_OHE_660,0.00022222038
TTF_1601,0.00021861168
Protein_OHE_233,0.00021765336
Protein_OHE_912,0.00021436682
Protein_OHE_348,0.00021299986
TTF_1189,0.0002114199
Protein_OHE_360,0.00021091495
Protein_OHE_923,0.00021022704
Protein_OHE_745,0.00020939898
TTF_1447,0.00020841383
TTF_329,0.00020823405
Protein_OHE_692,0.00020785804
Protein_OHE_750,0.00020695497
Protein_OHE_32,0.00020385598
TTF_698,0.00020325065
Protein_OHE_532,0.0002032132
Protein_OHE_37,0.00020298218
TTF_201,0.0002025016
TTF_221,0.0002003179
Protein_OHE_940,0.00019893513
TTF_1634,0.00019875099
TTF_457,0.00019825748
Protein_OHE_458,0.00019819986
Protein_OHE_634,0.00019816871
TTF_1041,0.0001981554
Protein_OHE_323,0.00019731847
TTF_1606,0.000197239
Protein_OHE_279,0.00019471694
TTF_1649,0.0001938162
TTF_1261,0.00019291021
Protein_OHE_126,0.00019213243
Protein_OHE_843,0.00019186741
TTF_694,0.00019036946
Protein_OHE_695,0.00019001937
MACCS_37,0.00018948634
TTF_1874,0.00018810281
TTF_503,0.0001880185
TTF_477,0.00018737625
TTF_642,0.0001871323
TTF_1749,0.00018557216
TTF_51,0.00018524095
Protein_OHE_539,0.00018510225
TTF_1209,0.0001848196
TTF_245,0.00018399955
TTF_629,0.00018160278
Protein_OHE_551,0.0001798445
Protein_OHE_995,0.00017847483
Protein_OHE_105,0.00017688202
TTF_1325,0.00017612483
Protein_OHE_886,0.00017581893
TTF_765,0.00017456176
TTF_1457,0.000173351
TTF_1577,0.00017324951
TTF_881,0.0001725124
Protein_OHE_63,0.00017208733
TTF_1357,0.00017105171
Protein_OHE_860,0.0001708336
TTF_1901,0.00017019236
TTF_730,0.00016961952
TTF_1609,0.00016889615
TTF_1005,0.00016852678
TTF_1969,0.00016609317
Protein_OHE_952,0.00016494658
TTF_1109,0.0001637189
TTF_598,0.0001636556
Protein_OHE_351,0.00015850547
Protein_OHE_271,0.00015670592
TTF_1934,0.0001561642
Protein_OHE_684,0.0001549718
TTF_757,0.00015401427
TTF_1813,0.00015109812
TTF_1802,0.00014983973
TTF_1826,0.00014876721
TTF_1257,0.00014726337
Protein_OHE_29,0.00014677984
TTF_1741,0.00014562011
TTF_233,0.00014437297
Protein_OHE_523,0.00014301785
TTF_1498,0.00014278849
TTF_177,0.00014212735
Protein_OHE_837,0.00014066401
TTF_1049,0.0001378508
Protein_OHE_914,0.00013688211
TTF_1794,0.00013533694
TTF_1319,0.00013334451
Protein_OHE_954,0.00013316274
MACCS_52,0.00013295138
TTF_821,0.00013259683
TTF_542,0.0001322152
TTF_1193,0.00013204064
Protein_OHE_172,0.00013138769
TTF_1857,0.0001281163
Protein_OHE_560,0.00012799342
TTF_1465,0.0001275444
TTF_901,0.00012682688
TTF_1607,0.0001267418
TTF_555,0.00012526271
TTF_1930,0.00012377114
TTF_726,0.00012323816
MACCS_60,0.00012302378
TTF_1666,0.00012271471
TTF_159,0.00012244395
Protein_OHE_383,0.00012130936
TTF_133,0.00012110998
TTF_1337,0.00012098682
Protein_OHE_139,0.000120738725
MACCS_64,0.00011968618
Protein_OHE_663,0.00011528391
TTF_1770,0.00011506604
TTF_1974,0.00011475171
TTF_861,0.000111894966
TTF_1205,0.00011098653
TTF_1970,0.00011025127
Protein_OHE_392,0.000109655644
TTF_889,0.00010945515
TTF_402,0.000109054934
Protein_OHE_520,0.00010821649
TTF_1418,0.00010797127
TTF_1977,0.00010716937
TTF_333,0.00010639444
TTF_57,0.00010582531
TTF_2037,0.00010532667
TTF_479,0.00010500584
TTF_1853,0.00010416694
TTF_590,0.00010325054
TTF_577,0.000103157545
TTF_1377,0.000102525555
Protein_OHE_431,9.7720105e-05
TTF_1374,9.6289594e-05
TTF_1789,9.573584e-05
TTF_522,9.439742e-05
TTF_766,9.435637e-05
Protein_OHE_976,8.7603825e-05
TTF_238,8.55806e-05
Protein_OHE_763,8.409534e-05
TTF_504,8.3093844e-05
Protein_OHE_713,8.290368e-05
TTF_185,8.244318e-05
TTF_1854,8.146107e-05
TTF_565,7.9198995e-05
MACCS_24,7.8705656e-05
Protein_OHE_367,7.687265e-05
TTF_106,7.555121e-05
TTF_1655,7.503496e-05
TTF_585,7.4304895e-05
TTF_1494,7.3278956e-05
Protein_OHE_68,7.306636e-05
Protein_OHE_47,7.1516544e-05
TTF_1687,6.961022e-05
TTF_9,6.947603e-05
TTF_869,6.863318e-05
TTF_1314,6.650805e-05
TTF_450,6.505424e-05
TTF_661,6.4997635e-05
Protein_OHE_529,6.307108e-05
MACCS_43,6.084614e-05
Protein_OHE_223,5.895559e-05
TTF_1653,5.832904e-05
TTF_1269,5.11644e-05
Protein_OHE_577,4.9303177e-05
TTF_154,4.8182494e-05
TTF_621,4.8129412e-05
TTF_1917,4.5413148e-05
TTF_930,4.4254695e-05
Protein_OHE_749,4.3676617e-05
TTF_902,4.255394e-05
TTF_266,4.1611056e-05
TTF_1817,4.0094987e-05
TTF_1545,3.965089e-05
TTF_1921,0.0
TTF_1911,0.0
TTF_1892,0.0
TTF_1891,0.0
TTF_1922,0.0
TTF_1890,0.0
TTF_1887,0.0
TTF_1912,0.0
TTF_1888,0.0
TTF_1758,0.0
TTF_1752,0.0
TTF_1923,0.0
TTF_1916,0.0
TTF_1918,0.0
TTF_1910,0.0
TTF_1898,0.0
TTF_1915,0.0
TTF_1902,0.0
TTF_1904,0.0
TTF_1905,0.0
TTF_1751,0.0
TTF_1900,0.0
TTF_1906,0.0
TTF_1748,0.0
TTF_1907,0.0
TTF_1899,0.0
TTF_1908,0.0
TTF_1743,0.0
TTF_1756,0.0
TTF_1903,0.0
TTF_1914,0.0
TTF_1747,0.0
TTF_1897,0.0
TTF_1896,0.0
TTF_1895,0.0
TTF_1744,0.0
TTF_1919,0.0
TTF_1920,0.0
TTF_1913,0.0
TTF_1818,0.0
TTF_1886,0.0
TTF_1791,0.0
TTF_1799,0.0
TTF_1798,0.0
TTF_1797,0.0
TTF_1834,0.0
TTF_1835,0.0
TTF_1796,0.0
TTF_1836,0.0
TTF_1795,0.0
TTF_1792,0.0
Protein_OHE_980,0.0
TTF_1800,0.0
TTF_1788,0.0
TTF_1787,0.0
TTF_1786,0.0
TTF_1839,0.0
Protein_OHE_991,0.0
TTF_1784,0.0
TTF_1783,0.0
TTF_1782,0.0
TTF_1781,0.0
Protein_OHE_987,0.0
TTF_1832,0.0
TTF_1780,0.0
TTF_1827,0.0
TTF_1820,0.0
TTF_1816,0.0
TTF_1822,0.0
TTF_1815,0.0
TTF_1814,0.0
TTF_1823,0.0
TTF_1824,0.0
Protein_OHE_983,0.0
TTF_1812,0.0
TTF_1811,0.0
TTF_1831,0.0
TTF_1810,0.0
TTF_1828,0.0
TTF_1808,0.0
TTF_1807,0.0
TTF_1806,0.0
TTF_1804,0.0
TTF_1803,0.0
TTF_1924,0.0
TTF_1830,0.0
TTF_1840,0.0
TTF_1779,0.0
TTF_1885,0.0
TTF_1764,0.0
TTF_1868,0.0
Protein_OHE_994,0.0
TTF_1768,0.0
TTF_1871,0.0
TTF_1872,0.0
TTF_1767,0.0
TTF_1875,0.0
TTF_1876,0.0
TTF_1766,0.0
TTF_1879,0.0
TTF_1866,0.0
TTF_1880,0.0
TTF_1763,0.0
TTF_1762,0.0
TTF_1881,0.0
TTF_1882,0.0
TTF_1883,0.0
TTF_1884,0.0
TTF_1761,0.0
TTF_1760,0.0
TTF_1867,0.0
TTF_1865,0.0
TTF_1778,0.0
TTF_1851,0.0
TTF_1843,0.0
TTF_1844,0.0
TTF_1777,0.0
TTF_1776,0.0
TTF_1847,0.0
TTF_1848,0.0
TTF_1775,0.0
TTF_1849,0.0
TTF_1850,0.0
TTF_1774,0.0
TTF_1864,0.0
TTF_1773,0.0
TTF_1852,0.0
TTF_1855,0.0
TTF_1856,0.0
TTF_1819,0.0
TTF_1859,0.0
TTF_1860,0.0
TTF_1862,0.0
TTF_1863,0.0
TTF_1772,0.0
Protein_OHE_680,0.0
TTF_1926,0.0
Protein_OHE_852,0.0
Protein_OHE_900,0.0
Protein_OHE_251,0.0
Protein_OHE_252,0.0
Protein_OHE_891,0.0
Protein_OHE_267,0.0
Protein_OHE_879,0.0
Protein_OHE_291,0.0
Protein_OHE_871,0.0
Protein_OHE_304,0.0
Protein_OHE_312,0.0
Protein_OHE_322,0.0
Protein_OHE_857,0.0
Protein_OHE_331,0.0
Protein_OHE_851,0.0
Protein_OHE_902,0.0
Protein_OHE_357,0.0
Protein_OHE_842,0.0
Protein_OHE_368,0.0
Protein_OHE_839,0.0
Protein_OHE_371,0.0
Protein_OHE_377,0.0
Protein_OHE_380,0.0
Protein_OHE_382,0.0
Protein_OHE_831,0.0
Protein_OHE_387,0.0
Protein_OHE_391,0.0
Protein_OHE_402,0.0
Protein_OHE_407,0.0
Protein_OHE_245,0.0
Protein_OHE_239,0.0
Protein_OHE_411,0.0
Protein_OHE_160,0.0
Protein_OHE_118,0.0
Protein_OHE_947,0.0
Protein_OHE_120,0.0
Protein_OHE_124,0.0
Protein_OHE_127,0.0
Protein_OHE_128,0.0
Protein_OHE_133,0.0
Protein_OHE_134,0.0
Protein_OHE_939,0.0
Protein_OHE_140,0.0
Protein_OHE_147,0.0
Protein_OHE_148,0.0
Protein_OHE_937,0.0
Protein_OHE_168,0.0
Protein_OHE_911,0.0
Protein_OHE_931,0.0
Protein_OHE_171,0.0
Protein_OHE_178,0.0
Protein_OHE_182,0.0
Protein_OHE_928,0.0
Protein_OHE_194,0.0
Protein_OHE_919,0.0
Protein_OHE_200,0.0
Protein_OHE_203,0.0
Protein_OHE_207,0.0
Protein_OHE_212,0.0
Protein_OHE_220,0.0
Protein_OHE_227,0.0
Protein_OHE_825,0.0
Protein_OHE_822,0.0
Protein_OHE_962,0.0
Protein_OHE_631,0.0
Protein_OHE_557,0.0
Protein_OHE_559,0.0
Protein_OHE_565,0.0
Protein_OHE_571,0.0
Protein_OHE_580,0.0
Protein_OHE_582,0.0
Protein_OHE_751,0.0
Protein_OHE_592,0.0
Protein_OHE_602,0.0
Protein_OHE_727,0.0
Protein_OHE_722,0.0
Protein_OHE_620,0.0
Protein_OHE_719,0.0
Protein_OHE_639,0.0
Protein_OHE_543,0.0
Protein_OHE_703,0.0
Protein_OHE_700,0.0
Protein_OHE_699,0.0
Protein_OHE_648,0.0
Protein_OHE_651,0.0
Protein_OHE_659,0.0
Protein_OHE_664,0.0
Protein_OHE_667,0.0
Protein_OHE_671,0.0
Protein_OHE_672,0.0
Protein_OHE_685,0.0
Protein_OHE_682,0.0
Protein_OHE_679,0.0
Protein_OHE_759,0.0
Protein_OHE_542,0.0
Protein_OHE_417,0.0
Protein_OHE_471,0.0
Protein_OHE_419,0.0
Protein_OHE_420,0.0
Protein_OHE_422,0.0
Protein_OHE_819,0.0
Protein_OHE_427,0.0
Protein_OHE_428,0.0
Protein_OHE_447,0.0
Protein_OHE_451,0.0
Protein_OHE_452,0.0
Protein_OHE_459,0.0
Protein_OHE_460,0.0
Protein_OHE_462,0.0
Protein_OHE_799,0.0
Protein_OHE_791,0.0
Protein_OHE_540,0.0
Protein_OHE_480,0.0
Protein_OHE_482,0.0
Protein_OHE_491,0.0
Protein_OHE_499,0.0
Protein_OHE_500,0.0
Protein_OHE_512,0.0
Protein_OHE_514,0.0
Protein_OHE_772,0.0
Protein_OHE_518,0.0
Protein_OHE_771,0.0
Protein_OHE_528,0.0
Protein_OHE_531,0.0
Protein_OHE_765,0.0
Protein_OHE_114,0.0
Protein_OHE_91,0.0
TTF_1927,0.0
TTF_1994,0.0
TTF_1979,0.0
TTF_1980,0.0
TTF_1982,0.0
TTF_1983,0.0
TTF_1984,0.0
TTF_1985,0.0
TTF_1986,0.0
TTF_1987,0.0
TTF_1988,0.0
TTF_1990,0.0
TTF_1991,0.0
TTF_1992,0.0
TTF_1993,0.0
TTF_1995,0.0
TTF_1976,0.0
TTF_1996,0.0
TTF_1998,0.0
TTF_1999,0.0
TTF_2000,0.0
TTF_2001,0.0
TTF_2002,0.0
TTF_2003,0.0
TTF_2004,0.0
TTF_2005,0.0
TTF_2006,0.0
TTF_2007,0.0
TTF_2008,0.0
TTF_2010,0.0
TTF_1978,0.0
TTF_1975,0.0
TTF_2012,0.0
TTF_1947,0.0
TTF_1928,0.0
TTF_1929,0.0
TTF_1931,0.0
TTF_1932,0.0
TTF_1935,0.0
TTF_1936,0.0
TTF_1939,0.0
TTF_1940,0.0
TTF_1941,0.0
TTF_1942,0.0
TTF_1943,0.0
TTF_1944,0.0
TTF_1946,0.0
TTF_1948,0.0
TTF_1972,0.0
TTF_1951,0.0
TTF_1952,0.0
TTF_1956,0.0
TTF_1958,0.0
TTF_1959,0.0
TTF_1960,0.0
TTF_1961,0.0
TTF_1962,0.0
TTF_1963,0.0
TTF_1964,0.0
TTF_1967,0.0
TTF_1968,0.0
TTF_1971,0.0
TTF_2011,0.0
TTF_2015,0.0
Protein_OHE_967,0.0
Protein_OHE_28,0.0
Protein_OHE_10,0.0
Protein_OHE_11,0.0
Protein_OHE_12,0.0
Protein_OHE_13,0.0
Protein_OHE_14,0.0
Protein_OHE_15,0.0
Protein_OHE_16,0.0
Protein_OHE_17,0.0
Protein_OHE_18,0.0
Protein_OHE_19,0.0
Protein_OHE_20,0.0
Protein_OHE_22,0.0
Protein_OHE_27,0.0
Protein_OHE_39,0.0
Protein_OHE_8,0.0
Protein_OHE_40,0.0
Protein_OHE_45,0.0
Protein_OHE_54,0.0
Protein_OHE_59,0.0
Protein_OHE_60,0.0
Protein_OHE_67,0.0
Protein_OHE_71,0.0
Protein_OHE_971,0.0
Protein_OHE_80,0.0
Protein_OHE_82,0.0
Protein_OHE_83,0.0
Protein_OHE_85,0.0
Protein_OHE_87,0.0
Protein_OHE_9,0.0
Protein_OHE_7,0.0
TTF_2018,0.0
TTF_2034,0.0
TTF_2019,0.0
TTF_2020,0.0
TTF_2022,0.0
TTF_2023,0.0
TTF_2024,0.0
TTF_2025,0.0
TTF_2026,0.0
TTF_2027,0.0
TTF_2028,0.0
TTF_2030,0.0
TTF_2031,0.0
TTF_2032,0.0
TTF_2033,0.0
TTF_2035,0.0
Protein_OHE_6,0.0
TTF_2036,0.0
TTF_2039,0.0
TTF_2040,0.0
TTF_2043,0.0
TTF_2044,0.0
TTF_2045,0.0
TTF_2047,0.0
TTF_2048,0.0
Protein_OHE_1,0.0
Protein_OHE_2,0.0
Protein_OHE_3,0.0
Protein_OHE_4,0.0
Protein_OHE_5,0.0
TTF_1740,0.0
MACCS_1,0.0
TTF_1738,0.0
TTF_607,0.0
TTF_579,0.0
TTF_580,0.0
TTF_583,0.0
TTF_584,0.0
TTF_586,0.0
TTF_587,0.0
TTF_588,0.0
TTF_591,0.0
TTF_592,0.0
TTF_596,0.0
TTF_599,0.0
TTF_600,0.0
TTF_601,0.0
TTF_602,0.0
TTF_603,0.0
TTF_604,0.0
TTF_605,0.0
TTF_578,0.0
TTF_576,0.0
TTF_575,0.0
TTF_563,0.0
TTF_550,0.0
TTF_551,0.0
TTF_552,0.0
TTF_556,0.0
TTF_559,0.0
TTF_560,0.0
TTF_562,0.0
TTF_564,0.0
TTF_574,0.0
TTF_566,0.0
TTF_567,0.0
TTF_568,0.0
TTF_569,0.0
TTF_570,0.0
TTF_571,0.0
TTF_572,0.0
TTF_606,0.0
TTF_608,0.0
TTF_547,0.0
TTF_610,0.0
TTF_647,0.0
TTF_648,0.0
TTF_649,0.0
TTF_650,0.0
TTF_651,0.0
TTF_652,0.0
TTF_656,0.0
TTF_657,0.0
TTF_658,0.0
TTF_659,0.0
TTF_660,0.0
TTF_663,0.0
TTF_664,0.0
TTF_666,0.0
TTF_667,0.0
TTF_668,0.0
TTF_670,0.0
TTF_644,0.0
TTF_640,0.0
TTF_639,0.0
TTF_623,0.0
TTF_611,0.0
TTF_612,0.0
TTF_613,0.0
TTF_615,0.0
TTF_616,0.0
TTF_619,0.0
TTF_620,0.0
TTF_624,0.0
TTF_636,0.0
TTF_626,0.0
TTF_627,0.0
TTF_628,0.0
TTF_630,0.0
TTF_631,0.0
TTF_632,0.0
TTF_635,0.0
TTF_548,0.0
TTF_544,0.0
TTF_672,0.0
TTF_471,0.0
TTF_440,0.0
TTF_442,0.0
TTF_443,0.0
TTF_444,0.0
TTF_447,0.0
TTF_448,0.0
TTF_451,0.0
TTF_452,0.0
TTF_456,0.0
TTF_459,0.0
TTF_460,0.0
TTF_462,0.0
TTF_463,0.0
TTF_464,0.0
TTF_466,0.0
TTF_467,0.0
TTF_468,0.0
TTF_439,0.0
TTF_436,0.0
TTF_432,0.0
TTF_420,0.0
TTF_408,0.0
TTF_412,0.0
TTF_415,0.0
TTF_416,0.0
TTF_417,0.0
TTF_418,0.0
TTF_419,0.0
TTF_422,0.0
TTF_431,0.0
TTF_423,0.0
TTF_424,0.0
TTF_425,0.0
TTF_426,0.0
TTF_427,0.0
TTF_428,0.0
TTF_430,0.0
TTF_470,0.0
TTF_472,0.0
TTF_543,0.0
TTF_475,0.0
TTF_514,0.0
TTF_515,0.0
TTF_516,0.0
TTF_517,0.0
TTF_518,0.0
TTF_519,0.0
TTF_520,0.0
TTF_524,0.0
TTF_527,0.0
TTF_528,0.0
TTF_532,0.0
TTF_534,0.0
TTF_535,0.0
TTF_536,0.0
TTF_539,0.0
TTF_540,0.0
TTF_541,0.0
TTF_513,0.0
TTF_512,0.0
TTF_508,0.0
TTF_490,0.0
TTF_476,0.0
TTF_480,0.0
TTF_482,0.0
TTF_483,0.0
TTF_484,0.0
TTF_487,0.0
TTF_488,0.0
TTF_491,0.0
TTF_507,0.0
TTF_492,0.0
TTF_493,0.0
TTF_494,0.0
TTF_495,0.0
TTF_496,0.0
TTF_500,0.0
TTF_506,0.0
TTF_671,0.0
TTF_675,0.0
TTF_406,0.0
TTF_835,0.0
TTF_816,0.0
TTF_817,0.0
TTF_818,0.0
TTF_819,0.0
TTF_820,0.0
TTF_822,0.0
TTF_823,0.0
TTF_824,0.0
TTF_825,0.0
TTF_826,0.0
TTF_827,0.0
TTF_828,0.0
TTF_829,0.0
TTF_830,0.0
TTF_831,0.0
TTF_832,0.0
TTF_833,0.0
TTF_815,0.0
TTF_814,0.0
TTF_813,0.0
TTF_802,0.0
TTF_795,0.0
TTF_796,0.0
TTF_797,0.0
TTF_798,0.0
TTF_799,0.0
TTF_800,0.0
TTF_801,0.0
TTF_803,0.0
TTF_812,0.0
TTF_804,0.0
TTF_806,0.0
TTF_807,0.0
TTF_808,0.0
TTF_809,0.0
TTF_810,0.0
TTF_811,0.0
TTF_834,0.0
TTF_836,0.0
TTF_793,0.0
TTF_837,0.0
TTF_864,0.0
TTF_865,0.0
TTF_866,0.0
TTF_867,0.0
TTF_868,0.0
TTF_870,0.0
TTF_871,0.0
TTF_872,0.0
TTF_876,0.0
TTF_878,0.0
TTF_879,0.0
TTF_880,0.0
TTF_882,0.0
TTF_883,0.0
TTF_884,0.0
TTF_885,0.0
TTF_886,0.0
TTF_863,0.0
TTF_860,0.0
TTF_859,0.0
TTF_848,0.0
TTF_839,0.0
TTF_840,0.0
TTF_842,0.0
TTF_843,0.0
TTF_844,0.0
TTF_845,0.0
TTF_847,0.0
TTF_849,0.0
TTF_858,0.0
TTF_850,0.0
TTF_851,0.0
TTF_852,0.0
TTF_854,0.0
TTF_855,0.0
TTF_856,0.0
TTF_857,0.0
TTF_794,0.0
TTF_792,0.0
TTF_676,0.0
TTF_736,0.0
TTF_712,0.0
TTF_713,0.0
TTF_714,0.0
TTF_715,0.0
TTF_716,0.0
TTF_717,0.0
TTF_718,0.0
TTF_719,0.0
TTF_720,0.0
TTF_721,0.0
TTF_722,0.0
TTF_723,0.0
TTF_724,0.0
TTF_727,0.0
TTF_728,0.0
TTF_731,0.0
TTF_732,0.0
TTF_711,0.0
TTF_708,0.0
TTF_707,0.0
TTF_687,0.0
TTF_677,0.0
TTF_678,0.0
TTF_679,0.0
TTF_680,0.0
TTF_682,0.0
TTF_683,0.0
TTF_684,0.0
TTF_688,0.0
TTF_706,0.0
TTF_692,0.0
TTF_695,0.0
TTF_696,0.0
TTF_699,0.0
TTF_700,0.0
TTF_703,0.0
TTF_704,0.0
TTF_735,0.0
TTF_738,0.0
TTF_791,0.0
TTF_739,0.0
TTF_771,0.0
TTF_772,0.0
TTF_774,0.0
TTF_775,0.0
TTF_776,0.0
TTF_777,0.0
TTF_778,0.0
TTF_779,0.0
TTF_780,0.0
TTF_781,0.0
TTF_782,0.0
TTF_783,0.0
TTF_784,0.0
TTF_786,0.0
TTF_787,0.0
TTF_788,0.0
TTF_790,0.0
TTF_770,0.0
TTF_769,0.0
TTF_768,0.0
TTF_749,0.0
TTF_740,0.0
TTF_741,0.0
TTF_742,0.0
TTF_744,0.0
TTF_746,0.0
TTF_747,0.0
TTF_748,0.0
TTF_751,0.0
TTF_767,0.0
TTF_752,0.0
TTF_754,0.0
TTF_755,0.0
TTF_756,0.0
TTF_758,0.0
TTF_759,0.0
TTF_760,0.0
TTF_407,0.0
TTF_405,0.0
TTF_1737,0.0
TTF_114,0.0
TTF_92,0.0
TTF_93,0.0
TTF_94,0.0
TTF_95,0.0
TTF_96,0.0
TTF_98,0.0
TTF_99,0.0
TTF_100,0.0
TTF_101,0.0
TTF_102,0.0
TTF_103,0.0
TTF_104,0.0
TTF_107,0.0
TTF_108,0.0
TTF_109,0.0
TTF_110,0.0
TTF_111,0.0
TTF_91,0.0
TTF_90,0.0
TTF_89,0.0
TTF_79,0.0
TTF_72,0.0
TTF_73,0.0
TTF_74,0.0
TTF_75,0.0
TTF_76,0.0
TTF_77,0.0
TTF_78,0.0
TTF_80,0.0
TTF_88,0.0
TTF_81,0.0
TTF_82,0.0
TTF_83,0.0
TTF_84,0.0
TTF_85,0.0
TTF_86,0.0
TTF_87,0.0
TTF_112,0.0
TTF_115,0.0
TTF_70,0.0
TTF_116,0.0
TTF_144,0.0
TTF_147,0.0
TTF_148,0.0
TTF_149,0.0
TTF_150,0.0
TTF_151,0.0
TTF_152,0.0
TTF_153,0.0
TTF_155,0.0
TTF_156,0.0
TTF_160,0.0
TTF_161,0.0
TTF_162,0.0
TTF_163,0.0
TTF_164,0.0
TTF_165,0.0
TTF_166,0.0
TTF_143,0.0
TTF_142,0.0
TTF_140,0.0
TTF_128,0.0
TTF_118,0.0
TTF_119,0.0
TTF_120,0.0
TTF_123,0.0
TTF_124,0.0
TTF_126,0.0
TTF_127,0.0
TTF_130,0.0
TTF_139,0.0
TTF_131,0.0
TTF_132,0.0
TTF_134,0.0
TTF_135,0.0
TTF_136,0.0
TTF_137,0.0
TTF_138,0.0
TTF_71,0.0
TTF_69,0.0
TTF_168,0.0
TTF_18,0.0
MACCS_45,0.0
MACCS_56,0.0
MACCS_57,0.0
MACCS_59,0.0
MACCS_61,0.0
MACCS_62,0.0
MACCS_69,0.0
MACCS_72,0.0
TTF_3,0.0
TTF_4,0.0
TTF_6,0.0
TTF_7,0.0
TTF_8,0.0
TTF_10,0.0
TTF_11,0.0
TTF_12,0.0
TTF_15,0.0
MACCS_36,0.0
MACCS_32,0.0
MACCS_31,0.0
MACCS_12,0.0
MACCS_3,0.0
MACCS_5,0.0
MACCS_6,0.0
MACCS_7,0.0
MACCS_8,0.0
MACCS_10,0.0
MACCS_11,0.0
MACCS_13,0.0
MACCS_29,0.0
MACCS_14,0.0
MACCS_15,0.0
MACCS_16,0.0
MACCS_17,0.0
MACCS_21,0.0
MACCS_22,0.0
MACCS_28,0.0
TTF_16,0.0
TTF_19,0.0
TTF_68,0.0
TTF_20,0.0
TTF_44,0.0
TTF_46,0.0
TTF_47,0.0
TTF_48,0.0
TTF_52,0.0
TTF_53,0.0
TTF_54,0.0
TTF_55,0.0
TTF_56,0.0
TTF_58,0.0
TTF_59,0.0
TTF_60,0.0
TTF_62,0.0
TTF_64,0.0
TTF_65,0.0
TTF_66,0.0
TTF_67,0.0
TTF_43,0.0
TTF_42,0.0
TTF_41,0.0
TTF_31,0.0
TTF_21,0.0
TTF_22,0.0
TTF_23,0.0
TTF_24,0.0
TTF_26,0.0
TTF_27,0.0
TTF_28,0.0
TTF_32,0.0
TTF_40,0.0
TTF_33,0.0
TTF_34,0.0
TTF_35,0.0
TTF_36,0.0
TTF_37,0.0
TTF_38,0.0
TTF_39,0.0
TTF_167,0.0
TTF_170,0.0
TTF_404,0.0
TTF_343,0.0
TTF_315,0.0
TTF_316,0.0
TTF_317,0.0
TTF_318,0.0
TTF_319,0.0
TTF_320,0.0
TTF_324,0.0
TTF_325,0.0
TTF_326,0.0
TTF_327,0.0
TTF_328,0.0
TTF_330,0.0
TTF_332,0.0
TTF_335,0.0
TTF_336,0.0
TTF_338,0.0
TTF_339,0.0
TTF_314,0.0
TTF_312,0.0
TTF_311,0.0
TTF_299,0.0
TTF_290,0.0
TTF_291,0.0
TTF_292,0.0
TTF_295,0.0
TTF_296,0.0
TTF_297,0.0
TTF_298,0.0
TTF_300,0.0
TTF_310,0.0
TTF_301,0.0
TTF_302,0.0
TTF_303,0.0
TTF_304,0.0
TTF_306,0.0
TTF_307,0.0
TTF_308,0.0
TTF_340,0.0
TTF_344,0.0
TTF_284,0.0
TTF_346,0.0
TTF_372,0.0
TTF_374,0.0
TTF_375,0.0
TTF_376,0.0
TTF_386,0.0
TTF_387,0.0
TTF_388,0.0
TTF_390,0.0
TTF_391,0.0
TTF_392,0.0
TTF_394,0.0
TTF_395,0.0
TTF_396,0.0
TTF_399,0.0
TTF_400,0.0
TTF_401,0.0
TTF_403,0.0
TTF_371,0.0
TTF_368,0.0
TTF_367,0.0
TTF_355,0.0
TTF_347,0.0
TTF_348,0.0
TTF_350,0.0
TTF_351,0.0
TTF_352,0.0
TTF_353,0.0
TTF_354,0.0
TTF_356,0.0
TTF_366,0.0
TTF_357,0.0
TTF_358,0.0
TTF_359,0.0
TTF_360,0.0
TTF_362,0.0
TTF_363,0.0
TTF_364,0.0
TTF_289,0.0
TTF_283,0.0
TTF_171,0.0
TTF_220,0.0
TTF_198,0.0
TTF_199,0.0
TTF_200,0.0
TTF_202,0.0
TTF_203,0.0
TTF_204,0.0
TTF_205,0.0
TTF_206,0.0
TTF_207,0.0
TTF_208,0.0
TTF_209,0.0
TTF_210,0.0
TTF_211,0.0
TTF_212,0.0
TTF_213,0.0
TTF_214,0.0
TTF_215,0.0
TTF_196,0.0
TTF_195,0.0
TTF_194,0.0
TTF_183,0.0
TTF_172,0.0
TTF_175,0.0
TTF_176,0.0
TTF_178,0.0
TTF_179,0.0
TTF_180,0.0
TTF_182,0.0
TTF_184,0.0
TTF_193,0.0
TTF_186,0.0
TTF_187,0.0
TTF_188,0.0
TTF_189,0.0
TTF_190,0.0
TTF_191,0.0
TTF_192,0.0
TTF_216,0.0
TTF_223,0.0
TTF_280,0.0
TTF_224,0.0
TTF_254,0.0
TTF_255,0.0
TTF_256,0.0
TTF_258,0.0
TTF_259,0.0
TTF_260,0.0
TTF_261,0.0
TTF_263,0.0
TTF_264,0.0
TTF_268,0.0
TTF_270,0.0
TTF_271,0.0
TTF_272,0.0
TTF_274,0.0
TTF_275,0.0
TTF_276,0.0
TTF_279,0.0
TTF_253,0.0
TTF_252,0.0
TTF_251,0.0
TTF_236,0.0
TTF_225,0.0
TTF_226,0.0
TTF_227,0.0
TTF_228,0.0
TTF_230,0.0
TTF_231,0.0
TTF_232,0.0
TTF_239,0.0
TTF_248,0.0
TTF_240,0.0
TTF_241,0.0
TTF_242,0.0
TTF_243,0.0
TTF_244,0.0
TTF_246,0.0
TTF_247,0.0
TTF_887,0.0
TTF_888,0.0
TTF_890,0.0
TTF_1452,0.0
TTF_1430,0.0
TTF_1431,0.0
TTF_1432,0.0
TTF_1433,0.0
TTF_1435,0.0
TTF_1436,0.0
TTF_1437,0.0
TTF_1439,0.0
TTF_1440,0.0
MACCS_2,0.0
TTF_1442,0.0
TTF_1443,0.0
TTF_1444,0.0
TTF_1445,0.0
TTF_1446,0.0
TTF_1448,0.0
TTF_1450,0.0
TTF_1428,0.0
TTF_1427,0.0
TTF_1426,0.0
TTF_1411,0.0
TTF_1403,0.0
TTF_1404,0.0
TTF_1405,0.0
TTF_1406,0.0
TTF_1407,0.0
TTF_1408,0.0
TTF_1410,0.0
TTF_1412,0.0
TTF_1424,0.0
TTF_1414,0.0
TTF_1415,0.0
TTF_1419,0.0
TTF_1420,0.0
TTF_1421,0.0
TTF_1422,0.0
TTF_1423,0.0
TTF_1451,0.0
TTF_1454,0.0
TTF_1401,0.0
TTF_1455,0.0
TTF_1486,0.0
TTF_1487,0.0
TTF_1488,0.0
TTF_1490,0.0
TTF_1492,0.0
TTF_1495,0.0
TTF_1496,0.0
TTF_1499,0.0
TTF_1500,0.0
TTF_1501,0.0
TTF_1502,0.0
TTF_1503,0.0
TTF_1504,0.0
TTF_1506,0.0
TTF_1507,0.0
TTF_1508,0.0
TTF_1510,0.0
TTF_1484,0.0
TTF_1483,0.0
TTF_1482,0.0
TTF_1467,0.0
TTF_1456,0.0
TTF_1459,0.0
TTF_1460,0.0
TTF_1462,0.0
TTF_1463,0.0
TTF_1464,0.0
TTF_1466,0.0
TTF_1468,0.0
TTF_1480,0.0
TTF_1471,0.0
TTF_1472,0.0
TTF_1474,0.0
TTF_1475,0.0
TTF_1476,0.0
TTF_1478,0.0
TTF_1479,0.0
TTF_1402,0.0
TTF_1400,0.0
TTF_1512,0.0
TTF_1347,0.0
TTF_1322,0.0
TTF_1323,0.0
TTF_1324,0.0
TTF_1327,0.0
TTF_1328,0.0
TTF_1329,0.0
TTF_1330,0.0
TTF_1331,0.0
TTF_1332,0.0
TTF_1333,0.0
TTF_1334,0.0
TTF_1335,0.0
TTF_1336,0.0
TTF_1338,0.0
TTF_1339,0.0
TTF_1340,0.0
TTF_1343,0.0
TTF_1320,0.0
TTF_1316,0.0
TTF_1315,0.0
TTF_1302,0.0
TTF_1290,0.0
TTF_1291,0.0
TTF_1292,0.0
TTF_1295,0.0
TTF_1296,0.0
TTF_1299,0.0
TTF_1300,0.0
TTF_1303,0.0
TTF_1312,0.0
TTF_1304,0.0
TTF_1306,0.0
TTF_1307,0.0
TTF_1308,0.0
TTF_1309,0.0
TTF_1310,0.0
TTF_1311,0.0
TTF_1344,0.0
TTF_1348,0.0
TTF_1399,0.0
TTF_1351,0.0
TTF_1379,0.0
TTF_1380,0.0
TTF_1382,0.0
TTF_1383,0.0
TTF_1384,0.0
TTF_1386,0.0
TTF_1387,0.0
TTF_1388,0.0
TTF_1389,0.0
TTF_1390,0.0
TTF_1391,0.0
TTF_1392,0.0
TTF_1394,0.0
TTF_1395,0.0
TTF_1396,0.0
TTF_1397,0.0
TTF_1398,0.0
TTF_1378,0.0
TTF_1376,0.0
TTF_1375,0.0
TTF_1361,0.0
TTF_1352,0.0
TTF_1354,0.0
TTF_1355,0.0
TTF_1356,0.0
TTF_1358,0.0
TTF_1359,0.0
TTF_1360,0.0
TTF_1362,0.0
TTF_1372,0.0
TTF_1363,0.0
TTF_1364,0.0
TTF_1365,0.0
TTF_1366,0.0
TTF_1367,0.0
TTF_1368,0.0
TTF_1371,0.0
TTF_1511,0.0
TTF_1513,0.0
TTF_891,0.0
TTF_1684,0.0
TTF_1663,0.0
TTF_1664,0.0
TTF_1667,0.0
TTF_1668,0.0
TTF_1669,0.0
TTF_1670,0.0
TTF_1671,0.0
TTF_1672,0.0
TTF_1674,0.0
TTF_1675,0.0
TTF_1676,0.0
TTF_1677,0.0
TTF_1678,0.0
TTF_1679,0.0
TTF_1680,0.0
TTF_1681,0.0
TTF_1682,0.0
TTF_1660,0.0
TTF_1656,0.0
TTF_1652,0.0
TTF_1636,0.0
TTF_1623,0.0
TTF_1624,0.0
TTF_1626,0.0
TTF_1627,0.0
TTF_1628,0.0
TTF_1631,0.0
TTF_1632,0.0
TTF_1639,0.0
TTF_1651,0.0
TTF_1640,0.0
TTF_1642,0.0
TTF_1644,0.0
TTF_1646,0.0
TTF_1647,0.0
TTF_1648,0.0
TTF_1650,0.0
TTF_1683,0.0
TTF_1685,0.0
TTF_1621,0.0
TTF_1686,0.0
TTF_1716,0.0
TTF_1720,0.0
TTF_1722,0.0
TTF_1723,0.0
TTF_1724,0.0
TTF_1725,0.0
TTF_1726,0.0
TTF_1727,0.0
TTF_1728,0.0
TTF_1729,0.0
TTF_1730,0.0
TTF_1731,0.0
TTF_1732,0.0
TTF_1733,0.0
TTF_1734,0.0
TTF_1735,0.0
TTF_1736,0.0
TTF_1712,0.0
TTF_1711,0.0
TTF_1710,0.0
TTF_1696,0.0
TTF_1688,0.0
TTF_1689,0.0
TTF_1690,0.0
TTF_1691,0.0
TTF_1692,0.0
TTF_1694,0.0
TTF_1695,0.0
TTF_1699,0.0
TTF_1708,0.0
TTF_1700,0.0
TTF_1702,0.0
TTF_1703,0.0
TTF_1704,0.0
TTF_1705,0.0
TTF_1706,0.0
TTF_1707,0.0
TTF_1622,0.0
TTF_1620,0.0
TTF_1514,0.0
TTF_1569,0.0
TTF_1544,0.0
TTF_1546,0.0
TTF_1547,0.0
TTF_1548,0.0
TTF_1551,0.0
TTF_1552,0.0
TTF_1554,0.0
TTF_1555,0.0
TTF_1556,0.0
TTF_1557,0.0
TTF_1559,0.0
TTF_1560,0.0
TTF_1562,0.0
TTF_1564,0.0
TTF_1565,0.0
TTF_1566,0.0
TTF_1567,0.0
TTF_1543,0.0
TTF_1542,0.0
TTF_1541,0.0
TTF_1523,0.0
TTF_1515,0.0
TTF_1516,0.0
TTF_1517,0.0
TTF_1519,0.0
TTF_1520,0.0
TTF_1521,0.0
TTF_1522,0.0
TTF_1524,0.0
TTF_1540,0.0
TTF_1525,0.0
TTF_1526,0.0
TTF_1527,0.0
TTF_1528,0.0
TTF_1532,0.0
TTF_1535,0.0
TTF_1536,0.0
TTF_1568,0.0
TTF_1570,0.0
TTF_1619,0.0
TTF_1571,0.0
TTF_1595,0.0
TTF_1596,0.0
TTF_1597,0.0
TTF_1598,0.0
TTF_1599,0.0
TTF_1600,0.0
TTF_1603,0.0
TTF_1604,0.0
TTF_1608,0.0
TTF_1610,0.0
TTF_1611,0.0
TTF_1612,0.0
TTF_1614,0.0
TTF_1615,0.0
TTF_1616,0.0
TTF_1617,0.0
TTF_1618,0.0
TTF_1594,0.0
TTF_1593,0.0
TTF_1592,0.0
TTF_1580,0.0
TTF_1572,0.0
TTF_1573,0.0
TTF_1574,0.0
TTF_1575,0.0
TTF_1576,0.0
TTF_1578,0.0
TTF_1579,0.0
TTF_1582,0.0
TTF_1591,0.0
TTF_1583,0.0
TTF_1584,0.0
TTF_1586,0.0
TTF_1587,0.0
TTF_1588,0.0
TTF_1589,0.0
TTF_1590,0.0
TTF_1288,0.0
TTF_1287,0.0
TTF_1286,0.0
TTF_1043,0.0
TTF_1018,0.0
TTF_1019,0.0
TTF_1020,0.0
TTF_1023,0.0
TTF_1024,0.0
TTF_1026,0.0
TTF_1027,0.0
TTF_1028,0.0
TTF_1030,0.0
TTF_1031,0.0
TTF_1032,0.0
TTF_1034,0.0
TTF_1035,0.0
TTF_1036,0.0
TTF_1037,0.0
TTF_1038,0.0
TTF_1039,0.0
TTF_1016,0.0
TTF_1015,0.0
TTF_1014,0.0
TTF_996,0.0
TTF_988,0.0
TTF_989,0.0
TTF_990,0.0
TTF_991,0.0
TTF_992,0.0
TTF_993,0.0
TTF_995,0.0
TTF_1000,0.0
TTF_1012,0.0
TTF_1001,0.0
TTF_1002,0.0
TTF_1004,0.0
TTF_1006,0.0
TTF_1007,0.0
TTF_1008,0.0
TTF_1011,0.0
TTF_1040,0.0
TTF_1044,0.0
TTF_986,0.0
TTF_1046,0.0
TTF_1072,0.0
TTF_1074,0.0
TTF_1075,0.0
TTF_1076,0.0
TTF_1077,0.0
TTF_1078,0.0
TTF_1079,0.0
TTF_1080,0.0
TTF_1082,0.0
TTF_1083,0.0
TTF_1084,0.0
TTF_1085,0.0
TTF_1086,0.0
TTF_1087,0.0
TTF_1088,0.0
TTF_1090,0.0
TTF_1091,0.0
TTF_1071,0.0
TTF_1070,0.0
TTF_1069,0.0
TTF_1056,0.0
TTF_1047,0.0
TTF_1048,0.0
TTF_1050,0.0
TTF_1051,0.0
TTF_1052,0.0
TTF_1054,0.0
TTF_1055,0.0
TTF_1059,0.0
TTF_1068,0.0
TTF_1060,0.0
TTF_1062,0.0
TTF_1063,0.0
TTF_1064,0.0
TTF_1065,0.0
TTF_1066,0.0
TTF_1067,0.0
TTF_987,0.0
TTF_985,0.0
TTF_1284,0.0
TTF_942,0.0
TTF_916,0.0
TTF_917,0.0
TTF_919,0.0
TTF_920,0.0
TTF_922,0.0
TTF_923,0.0
TTF_924,0.0
TTF_926,0.0
TTF_927,0.0
TTF_928,0.0
TTF_931,0.0
TTF_932,0.0
TTF_933,0.0
TTF_934,0.0
TTF_935,0.0
TTF_936,0.0
TTF_938,0.0
TTF_915,0.0
TTF_914,0.0
TTF_912,0.0
TTF_900,0.0
TTF_892,0.0
TTF_893,0.0
TTF_894,0.0
TTF_895,0.0
TTF_896,0.0
TTF_898,0.0
TTF_899,0.0
TTF_903,0.0
TTF_911,0.0
TTF_904,0.0
TTF_905,0.0
TTF_906,0.0
TTF_907,0.0
TTF_908,0.0
TTF_909,0.0
TTF_910,0.0
TTF_940,0.0
TTF_943,0.0
TTF_984,0.0
TTF_944,0.0
TTF_966,0.0
TTF_967,0.0
TTF_968,0.0
TTF_969,0.0
TTF_970,0.0
TTF_971,0.0
TTF_972,0.0
TTF_973,0.0
TTF_974,0.0
TTF_975,0.0
TTF_976,0.0
TTF_977,0.0
TTF_978,0.0
TTF_979,0.0
TTF_980,0.0
TTF_982,0.0
TTF_983,0.0
TTF_965,0.0
TTF_964,0.0
TTF_963,0.0
TTF_953,0.0
TTF_945,0.0
TTF_947,0.0
TTF_948,0.0
TTF_949,0.0
TTF_950,0.0
TTF_951,0.0
TTF_952,0.0
TTF_954,0.0
TTF_962,0.0
TTF_955,0.0
TTF_956,0.0
TTF_957,0.0
TTF_958,0.0
TTF_959,0.0
TTF_960,0.0
TTF_961,0.0
TTF_1092,0.0
TTF_1093,0.0
TTF_1095,0.0
TTF_1239,0.0
TTF_1215,0.0
TTF_1216,0.0
TTF_1218,0.0
TTF_1219,0.0
TTF_1220,0.0
TTF_1221,0.0
TTF_1222,0.0
TTF_1223,0.0
TTF_1224,0.0
TTF_1227,0.0
TTF_1228,0.0
TTF_1230,0.0
TTF_1231,0.0
TTF_1232,0.0
TTF_1234,0.0
TTF_1235,0.0
TTF_1236,0.0
TTF_1214,0.0
TTF_1212,0.0
TTF_1211,0.0
TTF_1198,0.0
TTF_1190,0.0
TTF_1191,0.0
TTF_1192,0.0
TTF_1194,0.0
TTF_1195,0.0
TTF_1196,0.0
TTF_1197,0.0
TTF_1199,0.0
TTF_1210,0.0
TTF_1200,0.0
TTF_1202,0.0
TTF_1203,0.0
TTF_1204,0.0
TTF_1206,0.0
TTF_1207,0.0
TTF_1208,0.0
TTF_1238,0.0
TTF_1240,0.0
TTF_1096,0.0
TTF_1241,0.0
TTF_1266,0.0
TTF_1267,0.0
TTF_1268,0.0
TTF_1270,0.0
TTF_1271,0.0
TTF_1272,0.0
TTF_1273,0.0
TTF_1274,0.0
TTF_1275,0.0
TTF_1276,0.0
TTF_1277,0.0
TTF_1278,0.0
TTF_1279,0.0
TTF_1280,0.0
TTF_1281,0.0
TTF_1282,0.0
TTF_1283,0.0
TTF_1265,0.0
TTF_1264,0.0
TTF_1263,0.0
TTF_1250,0.0
TTF_1242,0.0
TTF_1243,0.0
TTF_1244,0.0
TTF_1246,0.0
TTF_1247,0.0
TTF_1248,0.0
TTF_1249,0.0
TTF_1251,0.0
TTF_1262,0.0
TTF_1252,0.0
TTF_1253,0.0
TTF_1255,0.0
TTF_1256,0.0
TTF_1258,0.0
TTF_1259,0.0
TTF_1260,0.0
TTF_1188,0.0
TTF_1187,0.0
TTF_1186,0.0
TTF_1184,0.0
TTF_1119,0.0
TTF_1120,0.0
TTF_1121,0.0
TTF_1122,0.0
TTF_1123,0.0
TTF_1124,0.0
TTF_1125,0.0
TTF_1126,0.0
TTF_1127,0.0
TTF_1128,0.0
TTF_1129,0.0
TTF_1130,0.0
TTF_1131,0.0
TTF_1132,0.0
TTF_1134,0.0
TTF_1135,0.0
TTF_1136,0.0
TTF_1118,0.0
TTF_1117,0.0
TTF_1116,0.0
TTF_1105,0.0
TTF_1098,0.0
TTF_1099,0.0
TTF_1100,0.0
TTF_1101,0.0
TTF_1102,0.0
TTF_1103,0.0
TTF_1104,0.0
TTF_1106,0.0
TTF_1115,0.0
TTF_1107,0.0
TTF_1108,0.0
TTF_1110,0.0
TTF_1111,0.0
TTF_1112,0.0
TTF_1113,0.0
TTF_1114,0.0
TTF_1138,0.0
TTF_1139,0.0
TTF_1140,0.0
TTF_1172,0.0
TTF_1164,0.0
TTF_1166,0.0
TTF_1167,0.0
TTF_1168,0.0
TTF_1169,0.0
TTF_1170,0.0
TTF_1171,0.0
TTF_1175,0.0
TTF_1162,0.0
TTF_1176,0.0
TTF_1178,0.0
TTF_1179,0.0
TTF_1180,0.0
TTF_1181,0.0
TTF_1182,0.0
TTF_1183,0.0
TTF_1163,0.0
TTF_1161,0.0
TTF_1141,0.0
TTF_1149,0.0
TTF_1142,0.0
TTF_1143,0.0
TTF_1144,0.0
TTF_1145,0.0
TTF_1146,0.0
TTF_1147,0.0
TTF_1148,0.0
TTF_1150,0.0
TTF_1160,0.0
TTF_1151,0.0
TTF_1152,0.0
TTF_1154,0.0
TTF_1155,0.0
TTF_1156,0.0
TTF_1158,0.0
TTF_1159,0.0
Protein_OHE_1000,0.0
